,city_id,city_name,cloudiness_pct,country_cd,date,humidity,city_lat,city_lng,max_temp,wind_speed,date_time
0,2194098,Ahipara,61,NZ,1621361484,77,-35.1667,173.1667,59.14,11.16,2021-05-18 18:11:24
1,2027296,Aykhal,100,RU,1621361484,97,66.0,111.5,25.03,7.65,2021-05-18 18:11:24
2,5312476,Safford,1,US,1621361484,17,32.834,-109.7076,83.32,18.41,2021-05-18 18:11:24
3,2263905,Ribeira Brava,1,PT,1621361485,60,32.65,-17.0667,75.7,3.98,2021-05-18 18:11:25
4,2155415,New Norfolk,86,AU,1621361485,76,-42.7826,147.0587,51.91,1.99,2021-05-18 18:11:25
5,6201424,Mataura,100,NZ,1621361485,95,-46.1927,168.8643,48.47,9.82,2021-05-18 18:11:25
6,3874787,Punta Arenas,90,CL,1621361210,89,-53.15,-70.9167,46.42,4.0,2021-05-18 18:06:50
7,2122090,Pevek,62,RU,1621361486,88,69.7008,170.3133,23.47,7.92,2021-05-18 18:11:26
8,4035715,Avarua,75,CK,1621361364,88,-21.2078,-159.775,77.05,12.66,2021-05-18 18:09:24
9,5880054,Barrow,90,US,1621361486,93,71.2906,-156.7887,28.42,6.91,2021-05-18 18:11:26
10,5044290,Saint Anthony,40,US,1621361487,62,45.0205,-93.218,76.71,7.0,2021-05-18 18:11:27
11,2123814,Leningradskiy,100,RU,1621361487,94,69.3833,178.4167,29.84,6.58,2021-05-18 18:11:27
12,2137773,Vao,100,NC,1621361488,68,-22.6667,167.4833,72.7,21.72,2021-05-18 18:11:28
13,2015306,Tiksi,100,RU,1621361488,97,71.6872,128.8694,29.21,9.55,2021-05-18 18:11:28
14,2092164,Lorengau,81,PG,1621361489,82,-2.0226,147.2712,81.54,8.19,2021-05-18 18:11:29
15,934322,Mahébourg,20,MU,1621361489,83,-20.4081,57.7,75.25,2.3,2021-05-18 18:11:29
16,691639,Ternuvate,77,UA,1621361489,91,47.8305,36.1276,60.28,13.47,2021-05-18 18:11:29
17,2206939,Bluff,100,NZ,1621361490,82,-46.6,168.3333,48.79,27.22,2021-05-18 18:11:30
18,5855927,Hilo,25,US,1621361348,82,19.7297,-155.09,75.79,1.99,2021-05-18 18:09:08
19,2110227,Butaritari,96,KI,1621361490,80,3.0707,172.7902,82.81,15.41,2021-05-18 18:11:30
20,1853174,Sakaiminato,99,JP,1621361450,91,35.55,133.2333,61.41,6.64,2021-05-18 18:10:50
21,3652764,Puerto Ayora,6,EC,1621361211,81,-0.7393,-90.3518,85.96,11.01,2021-05-18 18:06:51
22,1622318,Waingapu,86,ID,1621361491,83,-9.6567,120.2641,77.2,6.76,2021-05-18 18:11:31
23,1015776,Bredasdorp,98,ZA,1621361492,71,-34.5322,20.0403,51.12,1.79,2021-05-18 18:11:32
24,2094342,Kavieng,52,PG,1621361492,78,-2.5744,150.7967,82.58,11.59,2021-05-18 18:11:32
25,2160517,Launceston,90,AU,1621361492,95,-41.45,147.1667,51.8,1.99,2021-05-18 18:11:32
26,5859699,College,75,US,1621361493,63,64.8569,-147.8028,54.39,0.0,2021-05-18 18:11:33
27,1242110,Kalmunai,100,LK,1621361356,81,7.4167,81.8167,81.39,4.09,2021-05-18 18:09:16
28,3374083,Bathsheba,40,BB,1621361493,68,13.2167,-59.5167,88.41,18.97,2021-05-18 18:11:33
29,2075265,Busselton,0,AU,1621361494,85,-33.65,115.3333,57.09,4.25,2021-05-18 18:11:34
30,5354943,Half Moon Bay,1,US,1621361436,73,37.4636,-122.4286,73.89,3.0,2021-05-18 18:10:36
31,1678228,Keelung,99,TW,1621361495,88,25.1283,121.7419,82.85,0.56,2021-05-18 18:11:35
32,933995,Souillac,20,MU,1621361495,73,-20.5167,57.5167,75.36,7.67,2021-05-18 18:11:35
33,546105,Nikolskoye,96,RU,1621361495,97,59.7035,30.7861,62.49,5.99,2021-05-18 18:11:35
34,2514301,Mahon,0,ES,1621361496,72,39.8885,4.2658,64.96,14.97,2021-05-18 18:11:36
35,544084,Koslan,92,RU,1621361496,61,63.4564,48.8989,59.38,5.97,2021-05-18 18:11:36
36,3430863,Mar del Plata,33,AR,1621361424,51,-38.0023,-57.5575,56.88,3.0,2021-05-18 18:10:24
37,1621313,Ambulu,64,ID,1621361497,91,-8.345,113.6058,75.47,2.93,2021-05-18 18:11:37
38,5106841,Albany,55,US,1621361497,25,42.6001,-73.9662,78.4,10.49,2021-05-18 18:11:37
39,2121385,Severo-Kuril'sk,0,RU,1621361498,74,50.6789,156.125,42.01,6.49,2021-05-18 18:11:38
40,1861280,Itoman,40,JP,1621361498,94,26.1247,127.6694,80.4,12.66,2021-05-18 18:11:38
41,3366880,Hermanus,85,ZA,1621361498,67,-34.4187,19.2345,60.91,1.81,2021-05-18 18:11:38
42,3359638,Walvis Bay,0,NA,1621361499,57,-22.9575,14.5053,70.75,9.46,2021-05-18 18:11:39
43,2449066,Tombouctou,75,ML,1621361499,7,20.0,-3.0,108.45,7.18,2021-05-18 18:11:39
44,5469841,Grants,90,US,1621361450,22,35.1473,-107.8514,62.83,23.02,2021-05-18 18:10:50
45,2729907,Longyearbyen,75,SJ,1621361500,69,78.2186,15.6401,28.24,10.36,2021-05-18 18:11:40
46,964432,Port Alfred,21,ZA,1621361500,52,-33.5906,26.891,66.38,10.54,2021-05-18 18:11:40
47,2070998,Geraldton,92,AU,1621361501,78,-28.7667,114.6,63.01,6.93,2021-05-18 18:11:41
48,1028434,Quelimane,20,MZ,1621361501,83,-17.8786,36.8883,75.15,3.44,2021-05-18 18:11:41
49,2404614,Laa,95,SL,1621361501,78,8.0797,-10.7732,82.15,6.13,2021-05-18 18:11:41
50,2026861,Berdigestyakh,43,RU,1621361502,57,62.0989,126.6992,27.14,0.96,2021-05-18 18:11:42
51,2032201,Bulgan,65,MN,1621361503,60,48.8125,103.5347,49.06,4.27,2021-05-18 18:11:43
52,6185377,Yellowknife,20,CA,1621361503,47,62.456,-114.3525,34.32,5.01,2021-05-18 18:11:43
53,2071860,Esperance,98,AU,1621361504,89,-33.8667,121.9,64.24,4.97,2021-05-18 18:11:44
54,3347019,Mossamedes,4,AO,1621361504,58,-15.1961,12.1522,75.43,10.33,2021-05-18 18:11:44
55,1510689,Baykit,21,RU,1621361505,86,61.67,96.37,26.26,3.94,2021-05-18 18:11:45
56,3831208,Qaanaaq,61,GL,1621361505,64,77.484,-69.3632,25.83,4.99,2021-05-18 18:11:45
57,2638664,Salisbury,75,GB,1621361505,89,51.0693,-1.7957,57.45,11.86,2021-05-18 18:11:45
58,3694112,Paita,96,PE,1621361506,74,-5.0892,-81.1144,79.36,9.08,2021-05-18 18:11:46
59,6113335,Prince Albert,7,CA,1621361339,30,53.2001,-105.7677,79.66,10.76,2021-05-18 18:08:59
60,935215,Saint-Philippe,41,RE,1621361506,76,-21.3585,55.7679,71.22,7.74,2021-05-18 18:11:46
61,2098329,Daru,52,PG,1621361507,89,-9.0763,143.2092,79.07,17.76,2021-05-18 18:11:47
62,3899695,Ancud,100,CL,1621361507,66,-41.8697,-73.8203,57.42,7.16,2021-05-18 18:11:47
63,4032243,Vaini,77,TO,1621361508,77,-21.2,-175.2,76.89,13.82,2021-05-18 18:11:48
64,3833367,Ushuaia,75,AR,1621361508,66,-54.8,-68.3,51.46,9.22,2021-05-18 18:11:48
65,1586350,Cam Ranh,20,VN,1621361508,85,11.9214,109.1591,82.36,3.69,2021-05-18 18:11:48
66,6170031,Tuktoyaktuk,40,CA,1621361509,64,69.4541,-133.0374,35.6,10.36,2021-05-18 18:11:49
67,3369157,Cape Town,80,ZA,1621361282,62,-33.9258,18.4232,61.88,1.99,2021-05-18 18:08:02
68,3155152,Gravdal,75,NO,1621361509,100,68.1214,13.5031,44.49,19.57,2021-05-18 18:11:49
69,6137462,Saint-Augustin,6,CA,1621361510,50,51.226,-58.6502,51.84,11.25,2021-05-18 18:11:50
70,2090021,Namatanai,91,PG,1621361510,80,-3.6667,152.4333,79.81,7.94,2021-05-18 18:11:50
71,2264557,Ponta do Sol,2,PT,1621361511,59,32.6667,-17.1,75.7,3.87,2021-05-18 18:11:51
72,1337607,Kudahuvadhoo,2,MV,1621361511,75,2.6708,72.8944,84.06,10.13,2021-05-18 18:11:51
73,2171465,Clarence Town,1,AU,1621361511,95,-32.5833,151.7833,52.56,2.77,2021-05-18 18:11:51
74,6113406,Prince Rupert,100,CA,1621361362,81,54.3161,-130.3201,46.89,4.21,2021-05-18 18:09:22
75,1490356,Tabuny,87,RU,1621361512,76,52.7773,78.7896,62.74,5.01,2021-05-18 18:11:52
76,2146219,Hervey Bay,31,AU,1621361512,83,-25.2986,152.8535,64.04,13.38,2021-05-18 18:11:52
77,4020109,Atuona,73,PF,1621361513,75,-9.8,-139.0333,78.87,12.91,2021-05-18 18:11:53
78,4030556,Rikitea,17,PF,1621361513,65,-23.1203,-134.9692,74.88,14.09,2021-05-18 18:11:53
79,2191562,Dunedin,100,NZ,1621361446,66,-45.8742,170.5036,49.8,21.99,2021-05-18 18:10:46
80,178443,Wajir,100,KE,1621361514,40,1.7471,40.0573,86.65,11.81,2021-05-18 18:11:54
81,780687,Berlevåg,40,NO,1621361514,87,70.8578,29.0864,48.15,9.22,2021-05-18 18:11:54
82,2537881,Safi,70,MA,1621361514,59,32.2994,-9.2372,72.36,25.61,2021-05-18 18:11:54
83,3938415,Ilo,75,PE,1621361515,68,-17.6394,-71.3375,70.66,6.91,2021-05-18 18:11:55
84,2126199,Cherskiy,32,RU,1621361515,77,68.75,161.3,34.09,5.73,2021-05-18 18:11:55
85,6167817,Torbay,75,CA,1621361516,75,47.6666,-52.7314,51.76,10.36,2021-05-18 18:11:56
86,3355672,Lüderitz,2,NA,1621361516,54,-26.6481,15.1594,65.01,3.13,2021-05-18 18:11:56
87,2019935,Mnogovershinnyy,100,RU,1621361516,99,53.9353,139.9242,33.15,2.51,2021-05-18 18:11:56
88,5122534,Jamestown,1,US,1621361517,37,42.097,-79.2353,77.09,6.91,2021-05-18 18:11:57
89,365742,Torit,100,SS,1621361517,71,4.4133,32.5678,76.3,1.68,2021-05-18 18:11:57
90,3579761,Baillif,6,GP,1621361517,71,16.0202,-61.7463,87.3,13.65,2021-05-18 18:11:57
91,3372707,Ribeira Grande,75,PT,1621361518,94,38.5167,-28.7,68.4,9.22,2021-05-18 18:11:58
92,335288,Hāgere Hiywet,99,ET,1621361518,59,8.9833,37.85,67.21,4.43,2021-05-18 18:11:58
93,1082243,Ambilobe,16,MG,1621361519,86,-13.2,49.05,72.39,2.95,2021-05-18 18:11:59
94,986717,Kruisfontein,33,ZA,1621361519,51,-34.0033,24.7314,56.88,4.99,2021-05-18 18:11:59
95,3893726,Constitución,100,CL,1621361520,75,-35.3333,-72.4167,60.3,15.55,2021-05-18 18:12:00
96,3662252,São Paulo de Olivença,50,BR,1621361520,63,-3.3783,-68.8725,86.68,1.23,2021-05-18 18:12:00
97,5851349,Nānākuli,7,US,1621361520,73,21.3906,-158.1547,78.75,16.67,2021-05-18 18:12:00
98,2112309,Katsuura,100,JP,1621361521,95,35.1333,140.3,64.18,5.53,2021-05-18 18:12:01
99,2144528,Warrnambool,98,AU,1621361521,80,-38.3833,142.4833,49.8,11.07,2021-05-18 18:12:01
100,5905393,Bonavista,100,CA,1621361522,92,48.6499,-53.1147,53.6,9.24,2021-05-18 18:12:02
101,6089245,Norman Wells,90,CA,1621361522,49,65.282,-126.8329,46.44,11.5,2021-05-18 18:12:02
102,1806041,Jiaocheng,66,CN,1621361523,99,24.6774,116.1389,73.17,0.78,2021-05-18 18:12:03
103,286621,Salalah,0,OM,1621361523,79,17.0151,54.0924,86.09,6.91,2021-05-18 18:12:03
104,3466165,Cidreira,8,BR,1621361523,52,-30.1811,-50.2056,63.52,11.63,2021-05-18 18:12:03
105,5335650,Ceres,1,US,1621361524,40,37.5949,-120.9577,80.67,11.5,2021-05-18 18:12:04
106,1529484,Kumul,21,CN,1621361524,28,42.8,93.45,68.25,5.79,2021-05-18 18:12:04
107,2171099,Codrington,92,AU,1621361525,85,-38.2667,141.9667,46.71,9.22,2021-05-18 18:12:05
108,1255146,Tālbahat,91,IN,1621361525,81,25.05,78.4333,78.91,10.0,2021-05-18 18:12:05
109,1504382,Kargasok,52,RU,1621361525,48,59.0556,80.8572,41.95,11.63,2021-05-18 18:12:05
110,528242,Mayskiy,27,RU,1621361526,80,47.6931,40.1025,62.01,5.03,2021-05-18 18:12:06
111,5554072,Juneau,20,US,1621361526,81,58.3019,-134.4197,52.84,3.49,2021-05-18 18:12:06
112,6165406,Thompson,75,CA,1621361527,81,55.7435,-97.8558,41.16,16.11,2021-05-18 18:12:07
113,1650434,Bambanglipuro,84,ID,1621361527,86,-7.95,110.2833,76.87,4.65,2021-05-18 18:12:07
114,5919850,Chapais,100,CA,1621361528,28,49.7834,-74.8492,55.18,6.78,2021-05-18 18:12:08
115,3653967,Muisne,100,EC,1621361528,84,0.6,-80.0333,84.31,7.78,2021-05-18 18:12:08
116,964420,Port Elizabeth,0,ZA,1621361528,87,-33.918,25.5701,59.09,4.61,2021-05-18 18:12:08
117,5870133,Nome,75,US,1621361529,86,64.5011,-165.4064,33.87,0.0,2021-05-18 18:12:09
118,2986626,Plouzané,90,FR,1621361529,82,48.3833,-4.6167,55.49,19.28,2021-05-18 18:12:09
119,3361934,Saldanha,54,ZA,1621361530,71,-33.0117,17.9442,55.45,7.29,2021-05-18 18:12:10
120,2152659,Port Macquarie,7,AU,1621361465,88,-31.4333,152.9167,49.37,4.79,2021-05-18 18:11:05
121,1649150,Bengkulu,100,ID,1621361530,87,-3.8004,102.2655,76.89,3.71,2021-05-18 18:12:10
122,3451138,Rio Grande,3,BR,1621361531,54,-32.035,-52.0986,64.51,9.31,2021-05-18 18:12:11
123,3353383,Rundu,1,NA,1621361531,29,-17.9333,19.7667,66.43,5.82,2021-05-18 18:12:11
124,2208248,Kaitangata,100,NZ,1621361531,90,-46.2817,169.8464,49.93,14.85,2021-05-18 18:12:11
125,7671223,Kloulklubed,100,PW,1621361532,81,7.0419,134.2556,77.5,11.83,2021-05-18 18:12:12
126,5962442,Goderich,0,CA,1621361532,49,43.7501,-81.7165,76.21,8.05,2021-05-18 18:12:12
127,6255012,Flinders,0,AU,1621361533,84,-34.5833,150.8552,48.2,1.01,2021-05-18 18:12:13
128,3899539,Antofagasta,36,CL,1621361533,54,-23.65,-70.4,71.22,7.58,2021-05-18 18:12:13
129,2163355,Hobart,73,AU,1621361322,78,-42.8794,147.3294,52.27,7.4,2021-05-18 18:08:42
130,2738381,Lata,99,PT,1621361533,65,40.1629,-8.3327,70.03,9.64,2021-05-18 18:12:13
131,1687894,Santa Rosa,96,PH,1621361534,81,14.3122,121.1114,86.11,9.71,2021-05-18 18:12:14
132,6111867,Port Hawkesbury,90,CA,1621361534,99,45.6169,-61.3485,59.92,12.66,2021-05-18 18:12:14
133,5848280,Kapaa,75,US,1621361535,69,22.0752,-159.319,77.32,4.0,2021-05-18 18:12:15
134,3353811,Otjiwarongo,0,NA,1621361535,28,-20.4637,16.6477,62.96,8.12,2021-05-18 18:12:15
135,537893,Kuzino,51,RU,1621361535,77,57.0224,59.4412,53.37,7.09,2021-05-18 18:12:15
136,3408424,Ipixuna,92,BR,1621361536,65,-1.7625,-48.8043,84.15,5.01,2021-05-18 18:12:16
137,2112802,Hasaki,100,JP,1621361536,94,35.7333,140.8333,61.29,16.24,2021-05-18 18:12:16
138,3421765,Nanortalik,48,GL,1621361537,70,60.1432,-45.2371,38.21,2.89,2021-05-18 18:12:17
139,5367788,Lompoc,1,US,1621361537,68,34.6391,-120.4579,81.21,17.27,2021-05-18 18:12:17
140,2015913,Suntar,30,RU,1621361531,61,62.1444,117.6319,24.58,4.03,2021-05-18 18:12:11
141,1507116,Dudinka,15,RU,1621361537,95,69.4058,86.1778,11.5,10.04,2021-05-18 18:12:17
142,5295143,Fortuna Foothills,1,US,1621361538,27,32.6578,-114.4119,89.22,1.99,2021-05-18 18:12:18
143,5546220,Saint George,1,US,1621361428,24,37.1041,-113.5841,87.35,1.01,2021-05-18 18:10:28
144,3424607,Tasiilaq,2,GL,1621361538,66,65.6145,-37.6368,26.76,2.19,2021-05-18 18:12:18
145,1264976,Leh,60,IN,1621361539,41,34.1667,77.5833,46.76,4.7,2021-05-18 18:12:19
146,2068655,Katherine,84,AU,1621361539,74,-14.4667,132.2667,59.32,6.71,2021-05-18 18:12:19
147,2036033,Liuhe,12,CN,1621361539,69,42.2401,125.7172,52.77,7.85,2021-05-18 18:12:19
148,2897132,Husum,7,DE,1621361540,78,54.4858,9.0524,55.2,7.52,2021-05-18 18:12:20
149,6355222,Yulara,100,AU,1621361540,30,-25.2406,130.9889,52.59,9.44,2021-05-18 18:12:20
150,4031574,Provideniya,87,RU,1621361541,78,64.3833,-173.3,32.83,3.42,2021-05-18 18:12:21
151,1735106,George Town,20,MY,1621361242,80,5.4112,100.3354,83.89,1.63,2021-05-18 18:07:22
152,2014624,Udachny,100,RU,1621361541,97,66.4167,112.4,28.62,8.9,2021-05-18 18:12:21
153,2121198,Sinegorsk,0,RU,1621361542,73,47.1667,142.5,44.35,6.04,2021-05-18 18:12:22
154,2236967,Soyo,72,AO,1621361542,80,-6.1349,12.3689,80.35,6.87,2021-05-18 18:12:22
155,5955902,Fort Nelson,20,CA,1621361542,42,58.8053,-122.7002,44.19,5.75,2021-05-18 18:12:22
156,6453319,Harstad,71,NO,1621361543,84,68.799,16.5293,52.83,21.0,2021-05-18 18:12:23
157,2610343,Vestmanna,90,FO,1621361543,68,62.1564,-7.1664,38.32,18.95,2021-05-18 18:12:23
158,2074865,Carnarvon,40,AU,1621361543,82,-24.8667,113.6333,62.67,6.91,2021-05-18 18:12:23
159,150689,Poli,93,TZ,1621361544,81,-3.3333,36.8,60.82,5.5,2021-05-18 18:12:24
160,462357,Znamenka,3,RU,1621361544,65,52.4167,41.4311,67.62,13.38,2021-05-18 18:12:24
161,4726521,San Patricio,93,US,1621361545,71,28.017,-97.5169,88.21,20.02,2021-05-18 18:12:25
162,6324729,Halifax,90,CA,1621361522,53,44.6453,-63.5724,67.41,1.99,2021-05-18 18:12:02
163,1052373,Beira,5,MZ,1621361545,82,-19.8436,34.8389,73.11,6.44,2021-05-18 18:12:25
164,2557055,Asilah,7,MA,1621361546,63,35.465,-6.0348,76.96,15.57,2021-05-18 18:12:26
165,3583446,San Miguel,32,SV,1621361546,38,13.4833,-88.1833,96.98,4.59,2021-05-18 18:12:26
166,2013279,Vostok,0,RU,1621361546,66,46.4856,135.8833,50.74,5.82,2021-05-18 18:12:26
167,2400547,Gamba,100,GA,1621361547,91,-2.65,10.0,77.22,5.39,2021-05-18 18:12:27
168,1899102,Nagato,100,JP,1621361547,88,34.3833,131.2,60.21,5.12,2021-05-18 18:12:27
169,2017215,Sangar,50,RU,1621361548,67,63.9242,127.4739,27.18,2.53,2021-05-18 18:12:28
170,2158767,Mareeba,93,AU,1621361548,96,-17.0,145.4333,68.72,3.31,2021-05-18 18:12:28
171,5688025,Bismarck,40,US,1621361470,48,46.8083,-100.7837,77.86,11.99,2021-05-18 18:11:10
172,3421719,Narsaq,25,GL,1621361549,54,60.9167,-46.05,46.62,7.36,2021-05-18 18:12:29
173,1151528,Pa Sang,73,TH,1621361549,80,18.5262,98.9394,86.2,1.95,2021-05-18 18:12:29
174,2126710,Beringovskiy,100,RU,1621361550,92,63.05,179.3167,33.03,5.53,2021-05-18 18:12:30
175,1685422,Sulangan,100,PH,1621361550,81,11.1373,123.7228,81.86,12.84,2021-05-18 18:12:30
176,2027142,Barabash,14,RU,1621361550,98,43.2,131.4833,51.48,2.13,2021-05-18 18:12:30
177,4034551,Faanui,36,PF,1621361551,75,-16.4833,-151.75,80.98,21.34,2021-05-18 18:12:31
178,2447513,Arlit,24,NE,1621361551,6,18.7369,7.3853,99.66,2.51,2021-05-18 18:12:31
179,3418910,Upernavik,96,GL,1621361552,87,72.7868,-56.1549,35.38,4.76,2021-05-18 18:12:32
180,779554,Honningsvåg,0,NO,1621361552,81,70.9821,25.9704,47.95,5.75,2021-05-18 18:12:32
181,2156643,Mount Gambier,88,AU,1621361552,89,-37.8333,140.7667,45.32,6.73,2021-05-18 18:12:32
182,4034438,Haapiti,70,PF,1621361553,70,-17.5667,-149.8667,82.13,20.69,2021-05-18 18:12:33
183,3089670,Ostrzeszów,100,PL,1621361539,88,51.4264,17.9336,55.96,11.48,2021-05-18 18:12:19
184,3471451,Arraial do Cabo,75,BR,1621361554,65,-22.9661,-42.0278,76.86,4.61,2021-05-18 18:12:34
185,2063042,Port Hedland,90,AU,1621361554,73,-20.3167,118.5667,68.05,5.75,2021-05-18 18:12:34
186,3471940,Aparecida do Taboado,0,BR,1621361290,29,-20.0867,-51.0936,87.24,4.88,2021-05-18 18:08:10
187,3664980,Boa Vista,75,BR,1621361555,55,2.8197,-60.6733,89.58,10.36,2021-05-18 18:12:35
188,5587698,Caldwell,1,US,1621361430,34,43.6629,-116.6874,70.18,14.97,2021-05-18 18:10:30
189,5808079,Redmond,62,US,1621361555,67,47.674,-122.1215,58.73,5.01,2021-05-18 18:12:35
190,2168305,Dubbo,0,AU,1621361556,93,-32.25,148.6167,37.53,8.05,2021-05-18 18:12:36
191,3421982,Maniitsoq,37,GL,1621361556,84,65.4167,-52.9,37.04,15.66,2021-05-18 18:12:36
192,3870282,Talcahuano,75,CL,1621361556,77,-36.7167,-73.1167,58.68,20.71,2021-05-18 18:12:36
193,1651810,Airai,99,TL,1621361557,92,-8.9266,125.4092,57.9,2.8,2021-05-18 18:12:37
194,2122605,Okhotsk,100,RU,1621361557,92,59.3833,143.3,30.52,2.59,2021-05-18 18:12:37
195,927643,Machinga,56,MW,1621361558,59,-15.1685,35.3,66.47,6.53,2021-05-18 18:12:38
196,2159220,Mackay,59,AU,1621361558,77,-21.15,149.2,68.04,18.21,2021-05-18 18:12:38
197,713676,Oleksandrivka,34,UA,1621361558,84,46.8383,32.7612,59.22,13.73,2021-05-18 18:12:38
198,3883457,Lebu,100,CL,1621361559,73,-37.6167,-73.65,58.71,17.18,2021-05-18 18:12:39
199,5554428,Ketchikan,1,US,1621361559,58,55.3422,-131.6461,52.27,8.05,2021-05-18 18:12:39
200,2527087,Tiznit Province,100,MA,1621361560,39,29.5833,-9.5,80.26,6.11,2021-05-18 18:12:40
201,610864,Khani,5,GE,1621361560,75,41.9563,42.9566,54.97,6.55,2021-05-18 18:12:40
202,2629833,Husavik,89,IS,1621361560,68,66.0449,-17.3389,35.51,8.14,2021-05-18 18:12:40
203,3174856,Lerici,87,IT,1621361561,74,44.0759,9.9112,62.78,1.99,2021-05-18 18:12:41
204,584365,Abrau-Dyurso,91,RU,1621361561,95,44.69,37.59,62.06,9.1,2021-05-18 18:12:41
205,210379,Lusambo,88,CD,1621361562,63,-4.9667,23.45,76.48,1.83,2021-05-18 18:12:42
206,2120769,Talaya,99,RU,1621361563,86,61.3833,152.75,31.57,5.91,2021-05-18 18:12:43
207,3628473,San Cristobal,100,VE,1621361335,52,7.7669,-72.225,80.78,6.71,2021-05-18 18:08:55
208,921889,Fomboni,16,KM,1621361563,68,-12.28,43.7425,81.5,21.07,2021-05-18 18:12:43
209,1278935,Amalāpuram,33,IN,1621361564,83,16.5833,82.0167,83.53,4.72,2021-05-18 18:12:44
210,5563397,Eureka,84,US,1621361362,85,40.8021,-124.1637,61.66,1.99,2021-05-18 18:09:22
211,4031742,Egvekinot,100,RU,1621361564,97,66.3167,-179.1667,26.4,5.08,2021-05-18 18:12:44
212,5380437,Pacific Grove,40,US,1621361564,78,36.6177,-121.9166,71.15,5.01,2021-05-18 18:12:44
213,3092080,Miastko,98,PL,1621361565,79,54.0028,16.9826,57.52,6.78,2021-05-18 18:12:45
214,3351024,Caluquembe,4,AO,1621361565,52,-13.7833,14.6833,63.14,2.1,2021-05-18 18:12:45
215,1516048,Khovd,67,MN,1621361566,36,48.0056,91.6419,61.97,9.28,2021-05-18 18:12:46
216,4588165,Mt. Pleasant,1,US,1621361566,61,32.7941,-79.8626,81.0,1.99,2021-05-18 18:12:46
217,1634614,Nabire,88,ID,1621361566,90,-3.3667,135.4833,75.56,2.75,2021-05-18 18:12:46
218,935214,Saint-Pierre,0,RE,1621361567,61,-21.3393,55.4781,71.29,6.91,2021-05-18 18:12:47
219,964712,Plettenberg Bay,19,ZA,1621361567,53,-34.0527,23.3716,61.56,2.91,2021-05-18 18:12:47
220,602150,Umeå,90,SE,1621361567,100,63.8284,20.2597,42.73,5.75,2021-05-18 18:12:47
221,3491355,Black River,19,JM,1621361568,55,18.0264,-77.8487,87.8,18.01,2021-05-18 18:12:48
222,3188516,Ulcinj,9,ME,1621361568,75,41.9294,19.2244,66.42,3.4,2021-05-18 18:12:48
223,3580477,West Bay,20,KY,1621361569,71,19.3667,-81.4167,86.07,11.59,2021-05-18 18:12:49
224,3924679,Vilhena,1,BR,1621361427,33,-12.7406,-60.1458,87.22,3.51,2021-05-18 18:10:27
225,1572151,Nha Trang,63,VN,1621361569,87,12.25,109.1833,82.4,4.72,2021-05-18 18:12:49
226,2190299,Hanmer Springs,72,NZ,1621361570,81,-42.5167,172.8167,46.98,12.28,2021-05-18 18:12:50
227,902620,Mwinilunga,59,ZM,1621361570,63,-11.7358,24.4293,62.87,4.29,2021-05-18 18:12:50
228,5769288,Spearfish,1,US,1621361571,42,44.4908,-103.8594,79.66,4.0,2021-05-18 18:12:51
229,5866583,Saint Paul Harbor,1,US,1621361571,76,57.79,-152.4072,45.91,5.75,2021-05-18 18:12:51
230,2013918,Ust-Maya,51,RU,1621361571,60,60.4167,134.5333,28.6,3.56,2021-05-18 18:12:51
231,2030065,Mandalgovi,65,MN,1621361572,58,45.7625,106.2708,52.25,1.45,2021-05-18 18:12:52
232,1235846,Matara,91,LK,1621361467,86,5.9485,80.5353,80.28,7.54,2021-05-18 18:11:07
233,1855540,Naze,90,JP,1621361572,92,28.3667,129.4833,73.35,8.68,2021-05-18 18:12:52
234,2214846,Misratah,7,LY,1621361573,65,32.3754,15.0925,73.26,8.77,2021-05-18 18:12:53
235,1282256,Hithadhoo,0,MV,1621361573,70,-0.6,73.0833,84.63,6.6,2021-05-18 18:12:53
236,2208091,Waitara,51,NZ,1621361573,71,-38.925,174.25,54.72,23.62,2021-05-18 18:12:53
237,3671497,Puerto Colombia,100,CO,1621361574,72,10.9878,-74.9547,87.89,5.7,2021-05-18 18:12:54
238,2088122,Port Moresby,100,PG,1621361574,91,-9.4431,147.1797,76.55,7.99,2021-05-18 18:12:54
239,2630299,Hofn,62,IS,1621361575,60,64.2539,-15.2082,39.22,6.04,2021-05-18 18:12:55
240,3420846,Qaqortoq,45,GL,1621361575,60,60.7167,-46.0333,46.9,7.9,2021-05-18 18:12:55
241,583345,Aleksandrov Gay,6,RU,1621361576,41,50.147,48.5704,73.89,12.46,2021-05-18 18:12:56
242,2022572,Khatanga,96,RU,1621361576,95,71.9667,102.5,16.57,8.41,2021-05-18 18:12:56
243,4014603,Chalchihuites,0,MX,1621361576,8,23.4833,-103.8833,76.48,17.94,2021-05-18 18:12:56
244,3690572,Acandí,79,CO,1621361577,76,8.5063,-77.2778,84.6,5.21,2021-05-18 18:12:57
245,5108219,Beacon,40,US,1621361577,58,41.5048,-73.9696,81.84,4.79,2021-05-18 18:12:57
246,368246,Raja,73,SS,1621361578,84,8.4596,25.678,74.71,8.43,2021-05-18 18:12:58
247,5920288,Charlottetown,90,CA,1621361397,68,46.2352,-63.1267,62.78,13.0,2021-05-18 18:09:57
248,4021858,Guerrero Negro,97,MX,1621361578,67,27.9769,-114.0611,66.0,18.86,2021-05-18 18:12:58
249,2026786,Berezovyy,98,RU,1621361534,95,51.6667,135.7,46.29,1.14,2021-05-18 18:12:14
250,2172880,Byron Bay,91,AU,1621361579,83,-28.65,153.6167,63.05,6.44,2021-05-18 18:12:59
251,1153080,Kanchanaburi,73,TH,1621361579,90,14.6333,99.1,78.4,3.49,2021-05-18 18:12:59
252,4080555,Northport,75,US,1621361580,61,33.229,-87.5772,78.62,9.22,2021-05-18 18:13:00
253,6620339,Karratha,81,AU,1621361580,60,-20.7377,116.8463,75.27,5.41,2021-05-18 18:13:00
254,1337619,Ugoofaaru,30,MV,1621361580,77,5.6667,73.0,83.8,14.81,2021-05-18 18:13:00
255,2026023,Bukachacha,56,RU,1621361581,33,52.9833,116.9167,31.78,1.48,2021-05-18 18:13:01
256,2068110,Kununurra,35,AU,1621361581,76,-15.7667,128.7333,55.38,2.3,2021-05-18 18:13:01
257,2180815,Tuatapere,100,NZ,1621361582,91,-46.1333,167.6833,48.81,12.91,2021-05-18 18:13:02
258,3382160,Cayenne,75,GF,1621361582,83,4.9333,-52.3333,86.04,3.0,2021-05-18 18:13:02
259,1803567,Linfen,97,CN,1621361582,43,36.0889,111.5189,68.13,2.26,2021-05-18 18:13:02
260,3614835,Barra Patuca,70,HN,1621361583,55,15.8,-84.2833,87.84,12.93,2021-05-18 18:13:03
261,3408368,Acaraú,36,BR,1621361583,72,-2.8856,-40.12,83.86,9.33,2021-05-18 18:13:03
262,563471,Energetik,72,RU,1621361584,68,51.7445,58.7934,65.35,7.31,2021-05-18 18:13:04
263,2305537,Agogo,99,GH,1621361584,68,6.8,-1.0819,80.64,5.46,2021-05-18 18:13:04
264,2171722,Charters Towers,81,AU,1621361584,87,-20.1,146.2667,60.85,10.45,2021-05-18 18:13:04
265,1505579,Inta,73,RU,1621361585,47,66.0317,60.1659,49.14,6.44,2021-05-18 18:13:05
266,1568574,Qui Nhon,72,VN,1621361585,89,13.7667,109.2333,79.83,5.35,2021-05-18 18:13:05
267,3401845,Conceição do Araguaia,75,BR,1621361585,51,-8.2578,-49.2647,89.73,3.4,2021-05-18 18:13:05
268,123941,Mīnāb,53,IR,1621361586,28,27.1467,57.0801,94.5,6.29,2021-05-18 18:13:06
269,5110365,Broome,40,US,1621361586,40,42.2506,-75.833,78.19,1.99,2021-05-18 18:13:06
270,1809263,Guozhen,100,CN,1621361587,56,34.3659,107.359,66.22,2.84,2021-05-18 18:13:07
271,2084442,Vanimo,54,PG,1621361587,92,-2.6741,141.3028,77.83,4.65,2021-05-18 18:13:07
272,3466993,Caarapó,1,BR,1621361587,30,-22.6342,-54.8222,84.78,5.66,2021-05-18 18:13:07
273,1519924,Kushmurun,91,KZ,1621361588,61,52.4503,64.6311,66.47,13.44,2021-05-18 18:13:08
274,3221033,Basse,20,DE,1621361588,90,52.5518,9.5069,57.4,5.48,2021-05-18 18:13:08
275,6111696,Port-Cartier,100,CA,1621361589,84,50.0334,-66.8654,50.22,5.91,2021-05-18 18:13:09
276,4513583,Hamilton,20,US,1621361550,85,39.1834,-84.5333,74.64,5.28,2021-05-18 18:12:30
277,2155742,Narrabri,0,AU,1621361589,78,-30.3167,149.7833,45.52,1.99,2021-05-18 18:13:09
278,3148133,Larsnes,100,NO,1621361590,89,62.2028,5.5773,51.85,7.07,2021-05-18 18:13:10
279,3466704,Castro,0,BR,1621361590,42,-24.7911,-50.0119,65.55,5.57,2021-05-18 18:13:10
280,3894426,Coyhaique,90,CL,1621361590,87,-45.5752,-72.0662,48.31,0.0,2021-05-18 18:13:10
281,5686121,Whitefish,40,US,1621361300,41,48.4111,-114.3376,62.35,18.95,2021-05-18 18:08:20
282,1523662,Kachīry,83,KZ,1621361591,76,53.0675,76.1036,61.12,1.9,2021-05-18 18:13:11
283,1806535,Huzhou,92,CN,1621361591,95,30.8703,120.0933,64.98,3.8,2021-05-18 18:13:11
284,1106677,Bambous Virieux,20,MU,1621361592,69,-20.3428,57.7575,75.22,8.7,2021-05-18 18:13:12
285,3374210,São Filipe,74,CV,1621361592,69,14.8961,-24.4956,76.12,7.43,2021-05-18 18:13:12
286,2136825,Isangel,99,VU,1621361592,86,-19.55,169.2667,75.06,16.42,2021-05-18 18:13:12
287,3175096,Laas,97,IT,1621361593,97,46.6166,10.7002,60.71,2.71,2021-05-18 18:13:13
288,4845585,Westport,40,US,1621361593,46,41.1415,-73.3579,82.85,7.61,2021-05-18 18:13:13
289,2063036,Port Lincoln,98,AU,1621361594,40,-34.7333,135.8667,57.52,11.56,2021-05-18 18:13:14
290,2012530,Zhigansk,100,RU,1621361594,74,66.7697,123.3711,30.97,8.41,2021-05-18 18:13:14
291,7601762,Bairiki Village,75,KI,1621361595,82,1.3292,172.9752,77.0,13.35,2021-05-18 18:13:15
292,4036284,Alofi,1,NU,1621361595,67,-19.0595,-169.9187,79.48,19.98,2021-05-18 18:13:15
293,2017155,Saskylakh,100,RU,1621361595,96,71.9167,114.0833,29.73,15.3,2021-05-18 18:13:15
294,2446796,Bilma,0,NE,1621361596,8,18.6853,12.9164,98.76,8.03,2021-05-18 18:13:16
295,3146487,Raudeberg,100,NO,1621361596,95,61.9875,5.1352,49.78,13.04,2021-05-18 18:13:16
296,1695065,Panlaitan,97,PH,1621361596,74,12.1191,119.8486,84.96,13.06,2021-05-18 18:13:16
297,2308994,Evinayong,99,GQ,1621361597,99,1.4368,10.5512,69.03,2.21,2021-05-18 18:13:17
298,2338660,Yaan,46,NG,1621361597,69,7.3833,8.5667,81.7,9.64,2021-05-18 18:13:17
299,5416005,Cañon City,90,US,1621361598,90,38.441,-105.2424,58.35,3.0,2021-05-18 18:13:18
300,3445026,Vila Velha,0,BR,1621361447,70,-20.3297,-40.2925,79.97,4.0,2021-05-18 18:10:47
301,5768244,Rapid Valley,1,US,1621361598,50,44.0625,-103.1463,79.63,1.99,2021-05-18 18:13:18
302,6171633,Ucluelet,85,CA,1621361523,81,48.9329,-125.5528,53.96,1.01,2021-05-18 18:12:03
303,652977,Keuruu,89,FI,1621361599,66,62.2667,24.7,61.56,3.85,2021-05-18 18:13:19
304,1006984,East London,0,ZA,1621361599,63,-33.0153,27.9116,63.54,6.91,2021-05-18 18:13:19
305,3571913,Marsh Harbour,98,BS,1621361599,67,26.5412,-77.0636,76.28,21.32,2021-05-18 18:13:19
306,3698359,Chicama,68,PE,1621361600,63,-7.8447,-79.1469,66.74,9.64,2021-05-18 18:13:20
307,1056899,Sambava,0,MG,1621361600,83,-14.2667,50.1667,75.9,14.79,2021-05-18 18:13:20
308,107304,Buraidah,0,SA,1621361601,5,26.326,43.975,93.65,10.38,2021-05-18 18:13:21
309,934649,Cap Malheureux,0,MU,1621361601,71,-19.9842,57.6142,75.47,1.01,2021-05-18 18:13:21
310,6149374,Slave Lake,90,CA,1621361601,81,55.2834,-114.769,44.58,8.05,2021-05-18 18:13:21
311,1812256,Dongsheng,99,CN,1621361602,25,39.8161,109.9776,61.34,8.9,2021-05-18 18:13:22
312,3471665,Areal,66,BR,1621361602,68,-22.2306,-43.1056,72.14,4.54,2021-05-18 18:13:22
313,2862118,Norden,17,DE,1621361602,73,53.6,7.2,55.94,4.0,2021-05-18 18:13:22
314,2206874,Waipawa,3,NZ,1621361603,68,-41.4122,175.5153,55.02,12.95,2021-05-18 18:13:23
315,2258378,Loandjili,100,CG,1621361603,82,-4.7561,11.8578,80.15,6.53,2021-05-18 18:13:23
316,1633419,Padang,100,ID,1621361604,82,-0.9492,100.3543,79.14,1.99,2021-05-18 18:13:24
317,3423146,Ilulissat,20,GL,1621361604,39,69.2167,-51.1,44.62,5.75,2021-05-18 18:13:24
318,1806840,Huilong,89,CN,1621361605,83,31.8111,121.655,64.04,6.67,2021-05-18 18:13:25
319,3389822,Salinópolis,69,BR,1621361605,71,-0.6136,-47.3561,82.63,7.74,2021-05-18 18:13:25
320,3408064,Remanso,88,BR,1621361605,38,-9.6179,-42.0831,86.5,4.43,2021-05-18 18:13:25
321,3387423,Sítio Novo do Tocantins,75,BR,1621361606,74,-5.5183,-47.4611,82.33,9.22,2021-05-18 18:13:26
322,2643044,Margate,96,GB,1621361606,60,51.3813,1.3862,57.18,1.01,2021-05-18 18:13:26
323,1637001,Biak,100,ID,1621361606,84,-0.9131,122.8766,76.71,5.84,2021-05-18 18:13:26
324,962367,Richards Bay,18,ZA,1621361445,77,-28.783,32.0377,68.61,13.13,2021-05-18 18:10:45
325,3994469,Ojinaga,1,MX,1621361607,11,29.5667,-104.4167,86.58,12.66,2021-05-18 18:13:27
326,4946620,Palmer,61,US,1621361608,28,42.1584,-72.3287,82.0,4.0,2021-05-18 18:13:28
327,317106,Denizli Province,39,TR,1621361608,44,37.8402,29.0698,76.05,7.09,2021-05-18 18:13:28
328,2332453,Lagos,49,NG,1621361608,75,6.5833,3.75,82.27,7.78,2021-05-18 18:13:28
329,1278969,Along,100,IN,1621361609,99,28.1667,94.7667,69.71,0.87,2021-05-18 18:13:29
330,5972291,Havre-St-Pierre,90,CA,1621361609,93,50.2334,-63.5986,43.16,11.5,2021-05-18 18:13:29
331,3336897,La Rioja,100,ES,1621361609,97,42.25,-2.5,54.48,7.34,2021-05-18 18:13:29
332,1714733,Dingle,100,PH,1621361610,87,10.9995,122.6711,78.26,7.78,2021-05-18 18:13:30
333,5983720,Iqaluit,75,CA,1621361472,68,63.7506,-68.5145,28.13,18.99,2021-05-18 18:11:12
334,5861897,Fairbanks,75,US,1621361405,65,64.8378,-147.7164,54.39,0.0,2021-05-18 18:10:05
335,257122,Methóni,1,GR,1621361610,76,36.8197,21.7049,71.46,12.59,2021-05-18 18:13:30
336,6111862,Port Hardy,75,CA,1621361611,76,50.6996,-127.4199,50.0,6.91,2021-05-18 18:13:31
337,2122262,Palana,100,RU,1621361611,99,59.1167,159.9667,30.67,10.29,2021-05-18 18:13:31
338,3443061,Chui,17,UY,1621361612,52,-33.6971,-53.4616,62.2,7.29,2021-05-18 18:13:32
339,2126123,Chokurdakh,100,RU,1621361612,97,70.6333,147.9167,30.16,8.01,2021-05-18 18:13:32
340,3386213,Touros,42,BR,1621361613,76,-5.1989,-35.4608,81.5,12.08,2021-05-18 18:13:33
341,417594,Shahreza,88,IR,1621361613,30,32.0339,51.8794,72.25,2.53,2021-05-18 18:13:33
342,5563839,Fortuna,75,US,1621361613,62,40.5982,-124.1573,63.48,4.0,2021-05-18 18:13:33
343,3984997,San Quintín,81,MX,1621361614,69,30.4833,-115.95,65.03,19.24,2021-05-18 18:13:34
344,2120591,Tilichiki,100,RU,1621361614,98,60.4667,166.1,30.72,5.41,2021-05-18 18:13:34
345,1268215,Kampil,40,IN,1621361615,48,27.6167,79.2833,82.99,6.71,2021-05-18 18:13:35
346,5924351,Clyde River,90,CA,1621361615,86,70.4692,-68.5914,25.03,3.44,2021-05-18 18:13:35
347,74185,Jiblah,99,YE,1621361615,60,13.9216,44.1467,69.12,2.48,2021-05-18 18:13:35
348,151108,Nyamuswa,62,TZ,1621361616,89,-1.9,34.0167,65.12,0.49,2021-05-18 18:13:36
349,111421,Zarand,14,IR,1621361605,20,30.8127,56.564,76.28,0.89,2021-05-18 18:13:25
350,2517117,Granada,0,ES,1621361616,23,37.1882,-3.6067,82.76,7.0,2021-05-18 18:13:36
351,2077895,Alice Springs,83,AU,1621361378,32,-23.7,133.8833,47.75,7.05,2021-05-18 18:09:38
352,5767918,Pierre,90,US,1621361436,56,44.3683,-100.351,72.52,20.71,2021-05-18 18:10:36
353,2454268,Koutiala,100,ML,1621361617,14,12.3917,-5.4642,104.52,11.95,2021-05-18 18:13:37
354,705809,Kirovsk,47,UA,1621361618,80,48.6375,38.6428,57.65,10.49,2021-05-18 18:13:38
355,5282297,Bethel,20,US,1621361618,31,41.3712,-73.414,80.85,12.66,2021-05-18 18:13:38
356,2702261,Kalmar,75,SE,1621361531,77,56.6616,16.3616,57.13,9.22,2021-05-18 18:12:11
357,3598787,Champerico,19,GT,1621361618,68,14.3,-91.9167,91.94,7.78,2021-05-18 18:13:38
358,2126682,Bilibino,93,RU,1621361619,91,68.0546,166.4372,23.88,3.13,2021-05-18 18:13:39
359,1272140,Dwārka,100,IN,1621361619,66,22.2394,68.9678,84.45,12.21,2021-05-18 18:13:39
360,933726,Hukuntsi,56,BW,1621361620,26,-24.0,21.75,66.43,8.99,2021-05-18 18:13:40
361,5251040,Dunn,75,US,1621361620,49,44.95,-91.8835,76.96,11.5,2021-05-18 18:13:40
362,2121025,Srednekolymsk,16,RU,1621361620,92,67.45,153.6833,32.04,2.24,2021-05-18 18:13:40
363,3391889,Pitimbu,24,BR,1621361621,74,-7.4706,-34.8086,82.99,12.46,2021-05-18 18:13:41
364,2409914,Bonthe,97,SL,1621361621,76,7.5264,-12.505,83.26,9.31,2021-05-18 18:13:41
365,3461425,Ilhabela,68,BR,1621361621,78,-23.7781,-45.3581,69.93,7.49,2021-05-18 18:13:41
366,6166142,Thunder Bay,1,CA,1621361622,36,48.4001,-89.3168,81.0,10.36,2021-05-18 18:13:42
367,3385899,Tutóia,46,BR,1621361622,64,-2.7619,-42.2744,87.78,8.57,2021-05-18 18:13:42
368,2392601,Natitingou,75,BJ,1621361623,32,10.3042,1.3796,91.38,6.71,2021-05-18 18:13:43
369,3520406,La Reforma,24,MX,1621361623,39,18.1,-91.0167,96.42,8.95,2021-05-18 18:13:43
370,1254046,Tura,86,IN,1621361623,94,25.5198,90.2201,73.67,2.15,2021-05-18 18:13:43
371,739598,Sinop Province,70,TR,1621361624,99,41.7711,34.8709,54.79,1.86,2021-05-18 18:13:44
372,3665380,Alvarães,45,BR,1621361624,55,-3.2208,-64.8042,85.87,3.58,2021-05-18 18:13:44
373,300808,Silifke,1,TR,1621361625,74,36.3778,33.9344,69.62,4.05,2021-05-18 18:13:45
374,2013375,Vitim,100,RU,1621361625,65,59.4511,112.5578,29.19,2.68,2021-05-18 18:13:45
375,486894,Subkhankulovo,70,RU,1621361625,69,54.5574,53.8115,64.36,5.39,2021-05-18 18:13:45
376,1683602,Tambilil,100,PH,1621361626,96,5.9622,124.6697,76.55,1.88,2021-05-18 18:13:46
377,5746545,Portland,75,US,1621361370,76,45.5234,-122.6762,59.88,5.01,2021-05-18 18:09:30
378,2027042,Batagay-Alyta,100,RU,1621361626,84,67.8006,130.4114,30.43,14.43,2021-05-18 18:13:46
379,3466980,Caravelas,93,BR,1621361627,58,-17.7125,-39.2481,79.52,7.25,2021-05-18 18:13:47
380,5125771,Manhattan,20,US,1621361627,24,40.7834,-73.9662,82.69,4.61,2021-05-18 18:13:47
381,1218612,Murgab,0,TM,1621361627,10,37.4966,61.9714,78.67,7.14,2021-05-18 18:13:47
382,1273136,Deūlgaon Rāja,100,IN,1621361628,59,20.0167,76.0333,82.54,16.13,2021-05-18 18:13:48
383,4031637,Lavrentiya,90,RU,1621361628,92,65.5833,-171.0,28.44,2.42,2021-05-18 18:13:48
384,2079582,Alyangula,67,AU,1621361629,80,-13.8483,136.4192,76.64,11.18,2021-05-18 18:13:49
385,1274116,Chīpurupalle,22,IN,1621361629,71,18.3,83.5667,84.99,12.46,2021-05-18 18:13:49
386,3939761,Hualmay,28,PE,1621361629,72,-11.0964,-77.6139,69.82,10.49,2021-05-18 18:13:49
387,5847411,Kahului,40,US,1621361630,72,20.8947,-156.47,77.85,17.27,2021-05-18 18:13:50
388,3414079,Olafsvik,10,IS,1621361630,62,64.8945,-23.7142,40.15,11.16,2021-05-18 18:13:50
389,3051969,Győrszemere,12,HU,1621361631,77,47.5526,17.5636,61.02,6.78,2021-05-18 18:13:51
390,4362001,Mayo,0,US,1621361631,43,38.8876,-76.5119,82.2,3.0,2021-05-18 18:13:51
391,558236,Gryazovets,39,RU,1621361632,83,58.88,40.2525,66.45,9.01,2021-05-18 18:13:52
392,2138522,Poya,99,NC,1621361632,79,-21.35,165.15,70.56,6.49,2021-05-18 18:13:52
393,1855612,Nara,96,JP,1621361633,98,34.6851,135.8049,68.5,0.47,2021-05-18 18:13:53
394,2450173,Taoudenni,50,ML,1621361633,6,22.6783,-3.9836,113.59,5.14,2021-05-18 18:13:53
395,3919813,Colomi,73,BO,1621361633,65,-17.35,-65.8667,52.88,3.49,2021-05-18 18:13:53
396,1786455,Yishui,43,CN,1621361634,80,35.7847,118.6281,61.57,5.99,2021-05-18 18:13:54
397,3893629,Coquimbo,90,CL,1621361516,83,-29.9533,-71.3436,60.53,6.82,2021-05-18 18:11:56
398,3945985,Camaná,46,PE,1621361406,76,-16.6228,-72.7111,69.12,8.03,2021-05-18 18:10:06
399,1688781,City of San Pedro,20,PH,1621361635,80,14.35,121.0167,85.35,10.25,2021-05-18 18:13:55
400,2656708,Ayr,20,GB,1621361486,66,55.4627,-4.6339,57.09,14.97,2021-05-18 18:11:26
401,1278990,Allāhganj,45,IN,1621361636,54,27.55,79.6833,82.15,5.46,2021-05-18 18:13:56
402,3347853,Longonjo,2,AO,1621361636,56,-12.9067,15.2533,65.59,1.01,2021-05-18 18:13:56
403,174726,Saravan,34,AM,1621361636,53,39.7196,45.6483,54.25,5.86,2021-05-18 18:13:56
404,60019,Eyl,100,SO,1621361637,76,7.9803,49.8164,83.19,19.66,2021-05-18 18:13:57
405,1798827,Pingdingshan,99,CN,1621361637,69,33.7385,113.3012,65.43,5.44,2021-05-18 18:13:57
406,1489656,Teya,34,RU,1621361637,79,60.3778,92.6267,29.71,3.76,2021-05-18 18:13:57
407,1067565,Beloha,18,MG,1621361638,82,-25.1667,45.05,67.95,10.13,2021-05-18 18:13:58
408,3372472,Vila Franca do Campo,96,PT,1621361638,79,37.7167,-25.4333,68.41,8.23,2021-05-18 18:13:58
409,86049,Jalu,2,LY,1621361639,13,29.0331,21.5482,89.26,9.4,2021-05-18 18:13:59
410,359792,Aswān,0,EG,1621361639,14,24.0934,32.907,92.82,8.79,2021-05-18 18:13:59
411,4552707,Tahlequah,75,US,1621361640,69,35.9154,-94.97,76.51,9.22,2021-05-18 18:14:00
412,2138555,Poum,100,NC,1621361640,74,-20.2333,164.0167,75.4,14.74,2021-05-18 18:14:00
413,5850554,Makakilo City,40,US,1621361468,73,21.3469,-158.0858,77.32,18.86,2021-05-18 18:11:08
414,2911214,Hammelburg,88,DE,1621361641,88,50.1167,9.9,55.72,5.28,2021-05-18 18:14:01
415,1058381,Morondava,1,MG,1621361641,75,-20.2833,44.2833,75.9,13.0,2021-05-18 18:14:01
416,3385935,Tucuruí,73,BR,1621361628,66,-3.7661,-49.6725,85.89,1.39,2021-05-18 18:13:48
417,5364271,Laguna,1,US,1621361642,50,38.421,-121.4238,77.65,3.0,2021-05-18 18:14:02
418,1280037,Shache,98,CN,1621361642,18,38.4167,77.2406,73.47,8.72,2021-05-18 18:14:02
419,5213681,State College,40,US,1621361642,33,40.7934,-77.86,79.83,1.01,2021-05-18 18:14:02
420,148105,Hadrut,16,AZ,1621361643,51,39.52,47.0318,67.57,6.73,2021-05-18 18:14:03
421,462626,Zilair,27,RU,1621361643,63,52.2332,57.4392,60.58,5.21,2021-05-18 18:14:03
422,5847486,Kailua,75,US,1621361475,83,21.4022,-157.7394,78.78,13.8,2021-05-18 18:11:15
423,5503914,Fallon,1,US,1621361644,20,39.4735,-118.7774,76.42,0.0,2021-05-18 18:14:04
424,383388,Siaya,77,KE,1621361644,90,0.0612,34.2882,65.12,2.57,2021-05-18 18:14:04
425,2460954,Araouane,47,ML,1621361645,9,18.9048,-3.5265,108.25,6.55,2021-05-18 18:14:05
426,1791779,Wanning,55,CN,1621361645,87,18.8003,110.3967,81.75,11.45,2021-05-18 18:14:05
427,2033536,Yakeshi,6,CN,1621361646,48,49.2833,120.7333,45.66,3.27,2021-05-18 18:14:06
428,256592,Néa Péramos,0,GR,1621361646,32,38.0076,23.423,78.84,13.35,2021-05-18 18:14:06
429,1507390,Dikson,45,RU,1621361646,92,73.5069,80.5464,17.83,0.65,2021-05-18 18:14:06
430,2181625,Te Anau,100,NZ,1621361647,92,-45.4167,167.7167,45.88,5.44,2021-05-18 18:14:07
431,942511,Vryburg,0,ZA,1621361647,31,-26.9566,24.7284,57.7,6.73,2021-05-18 18:14:07
432,2375255,Bafatá,68,GW,1621361648,26,12.1667,-14.75,98.89,12.73,2021-05-18 18:14:08
433,3151942,Hommelvik,75,NO,1621361648,71,63.4108,10.7942,53.47,6.91,2021-05-18 18:14:08
434,1490256,Talnakh,14,RU,1621361648,89,69.4865,88.3972,10.31,7.09,2021-05-18 18:14:08
435,486015,Susanino,54,RU,1621361649,84,58.1461,41.5872,67.08,8.61,2021-05-18 18:14:09
436,5356012,Healdsburg,1,US,1621361649,44,38.6105,-122.8692,78.91,1.99,2021-05-18 18:14:09
437,3147441,Lindås,84,NO,1621361650,81,60.7381,5.16,50.72,7.87,2021-05-18 18:14:10
438,456506,Priekule,100,LV,1621361650,80,56.4468,21.5897,56.52,5.93,2021-05-18 18:14:10
439,2645198,Kirkwall,90,GB,1621361650,81,58.9848,-2.9587,48.54,9.22,2021-05-18 18:14:10
440,2229798,Kousséri,28,CM,1621361651,14,12.0769,15.0306,100.42,5.17,2021-05-18 18:14:11
441,688127,Yerky,92,UA,1621361651,93,48.9906,30.9882,56.17,7.25,2021-05-18 18:14:11
442,1819729,Hong Kong,51,HK,1621361461,82,22.2855,114.1577,86.38,1.99,2021-05-18 18:11:01
443,159382,Igurubi,82,TZ,1621361652,60,-4.0,33.7,75.25,12.03,2021-05-18 18:14:12
444,1567148,Tam Ky,93,VN,1621361652,92,15.5667,108.4833,82.38,3.24,2021-05-18 18:14:12
445,6137063,Sackville,100,CA,1621361652,71,45.9188,-64.3846,67.86,12.46,2021-05-18 18:14:12
446,2264923,Peniche,88,PT,1621361653,81,39.3558,-9.3811,67.48,19.46,2021-05-18 18:14:13
447,1277247,Bānposh,85,IN,1621361653,42,22.25,84.8,90.91,2.42,2021-05-18 18:14:13
448,5882953,Aklavik,75,CA,1621361654,65,68.2191,-135.0107,47.23,4.61,2021-05-18 18:14:14
449,2057087,Kupang,64,ID,1621361654,84,-10.1667,123.5833,75.97,8.41,2021-05-18 18:14:14
450,1728675,Balabac,98,PH,1621361655,79,7.9868,117.0645,82.04,2.04,2021-05-18 18:14:15
451,2313084,Mangai,100,CD,1621361655,88,-4.05,19.5333,73.22,1.32,2021-05-18 18:14:15
452,3491161,Bull Savanna,20,JM,1621361655,58,17.8868,-77.5902,83.84,15.95,2021-05-18 18:14:15
453,2022143,Khuzhir,100,RU,1621361656,88,53.1939,107.3397,37.72,4.03,2021-05-18 18:14:16
454,2122104,Petropavlovsk-Kamchatskiy,34,RU,1621361656,76,53.0452,158.6483,41.59,11.83,2021-05-18 18:14:16
455,3386177,Trairi,83,BR,1621361496,76,-3.2778,-39.2689,83.14,8.7,2021-05-18 18:11:36
456,5457180,Bernalillo,90,US,1621361657,51,35.05,-106.6673,71.33,17.27,2021-05-18 18:14:17
457,2134814,Sola,90,VU,1621361657,94,-13.8833,167.55,77.67,13.8,2021-05-18 18:14:17
458,1106643,Quatre Cocos,2,MU,1621361658,70,-20.2078,57.7625,75.09,9.33,2021-05-18 18:14:18
459,2122614,Okha,100,RU,1621361658,97,53.5739,142.9478,33.39,8.77,2021-05-18 18:14:18
460,315530,Erciş,9,TR,1621361658,53,39.0287,43.3586,58.6,1.79,2021-05-18 18:14:18
461,1859964,Kaseda-shirakame,100,JP,1621361659,92,31.4167,130.3167,65.55,2.55,2021-05-18 18:14:19
462,3401148,Cururupu,53,BR,1621361659,64,-1.8283,-44.8683,85.48,4.79,2021-05-18 18:14:19
463,104515,Makkah al Mukarramah,2,SA,1621361659,33,21.4267,39.8261,87.8,6.31,2021-05-18 18:14:19
464,1701054,Marawi,100,PH,1621361660,96,7.9986,124.2928,69.66,3.13,2021-05-18 18:14:20
465,3688989,Belén de Umbría,100,CO,1621361660,72,5.2009,-75.8687,68.65,1.45,2021-05-18 18:14:20
466,1045114,Inhambane,20,MZ,1621361661,83,-23.865,35.3833,69.78,4.61,2021-05-18 18:14:21
467,1684803,Tabuk,99,PH,1621361661,86,17.4189,121.4443,75.88,3.94,2021-05-18 18:14:21
468,57000,Hobyo,98,SO,1621361661,78,5.3505,48.5268,81.0,24.11,2021-05-18 18:14:21
469,3839307,Rawson,93,AR,1621361662,53,-43.3002,-65.1023,61.61,22.35,2021-05-18 18:14:22
470,3932145,Pisco,20,PE,1621361662,77,-13.7,-76.2167,68.05,3.44,2021-05-18 18:14:22
471,4722837,Rio Grande City,75,US,1621361662,57,26.3798,-98.8203,87.87,12.71,2021-05-18 18:14:22
472,6316343,Alta Floresta,20,BR,1621361663,43,-9.8756,-56.0861,91.22,6.91,2021-05-18 18:14:23
473,2271968,Aljezur,19,PT,1621361663,77,37.3191,-8.8033,67.17,14.58,2021-05-18 18:14:23
474,6067747,Matagami,1,CA,1621361664,25,49.7502,-77.6328,60.91,4.99,2021-05-18 18:14:24
475,1262392,Musāfir-Khāna,94,IN,1621361664,51,26.3667,81.8,87.48,1.54,2021-05-18 18:14:24
476,480122,Tutayev,52,RU,1621361664,73,57.8853,39.5406,72.88,12.48,2021-05-18 18:14:24
477,235826,Zemio,96,CF,1621361665,85,5.0314,25.1361,74.05,2.95,2021-05-18 18:14:25
478,2514651,Los Llanos de Aridane,20,ES,1621361665,70,28.6585,-17.9182,71.13,13.82,2021-05-18 18:14:25
479,3448227,São Sebastião do Caí,4,BR,1621361666,42,-29.5867,-51.3756,69.64,3.36,2021-05-18 18:14:26
480,223816,Djibouti,62,DJ,1621361666,29,11.5,42.5,85.42,6.8,2021-05-18 18:14:26
481,1502257,Kozhevnikovo,100,RU,1621361666,82,56.2589,83.9714,50.94,8.48,2021-05-18 18:14:26
482,364933,Umm Kaddadah,88,SD,1621361667,9,13.6017,26.6876,89.47,11.97,2021-05-18 18:14:27
483,3413604,Eyrarbakki,66,IS,1621361667,67,63.863,-21.1481,46.45,7.07,2021-05-18 18:14:27
484,1303406,Nyaunglebin,33,MM,1621361667,74,17.95,96.7333,83.32,6.51,2021-05-18 18:14:27
485,2619537,Hvide Sande,13,DK,1621361668,80,56.0045,8.1294,52.09,7.67,2021-05-18 18:14:28
486,1502112,Krasnogorskiy,23,RU,1621361668,81,54.6025,61.231,59.04,12.8,2021-05-18 18:14:28
487,5954718,Flin Flon,1,CA,1621361669,38,54.7682,-101.865,62.44,4.03,2021-05-18 18:14:29
488,2641434,Northam,100,GB,1621361669,88,51.0333,-4.2167,53.02,12.88,2021-05-18 18:14:29
489,4815462,Moundsville,90,US,1621361669,41,39.9203,-80.7431,81.18,1.3,2021-05-18 18:14:29
490,2640006,Portree,81,GB,1621361670,74,57.4129,-6.1942,53.85,4.16,2021-05-18 18:14:30
491,1486321,Yar-Sale,27,RU,1621361670,79,66.8333,70.8333,28.02,7.02,2021-05-18 18:14:30
492,358620,Safaga,0,EG,1621361671,42,26.7292,33.9365,84.24,10.83,2021-05-18 18:14:31
493,1800163,Nanchang,100,CN,1621361671,93,28.6833,115.8833,64.89,0.65,2021-05-18 18:14:31
494,6929460,Panzhihua,69,CN,1621361671,54,26.5851,101.7128,73.98,2.55,2021-05-18 18:14:31
495,1185207,Ishurdi,84,BD,1621361672,69,24.1333,89.0833,85.95,3.09,2021-05-18 18:14:32
496,5321473,Winslow,1,US,1621361672,14,35.0242,-110.6974,77.27,13.8,2021-05-18 18:14:32
497,556268,Ostrovnoy,100,RU,1621361673,66,68.0531,39.5131,61.14,16.67,2021-05-18 18:14:33
498,2064735,Nhulunbuy,75,AU,1621361673,83,-12.2333,136.7667,79.41,14.97,2021-05-18 18:14:33
499,4778626,Petersburg,1,US,1621361458,32,37.2279,-77.4019,81.88,2.42,2021-05-18 18:10:58
500,502738,Rassvet,10,RU,1621361674,92,46.8333,40.75,64.18,2.24,2021-05-18 18:14:34
501,4809537,Huntington,20,US,1621361674,73,38.4193,-82.4452,79.32,1.99,2021-05-18 18:14:34
502,3018794,Fécamp,38,FR,1621361675,79,49.7579,0.3746,60.57,8.16,2021-05-18 18:14:35
503,3979216,Camalú,31,MX,1621361675,65,30.85,-116.0667,69.42,15.37,2021-05-18 18:14:35
504,293842,Kiryat Gat,0,IL,1621361675,74,31.61,34.7642,72.81,7.9,2021-05-18 18:14:35
505,3049100,Kunszentmiklós,28,HU,1621361676,74,47.027,19.1258,61.05,8.99,2021-05-18 18:14:36
506,2016701,Shimanovsk,72,RU,1621361676,57,52.0,127.7,41.68,5.32,2021-05-18 18:14:36
507,1805179,Jiujiang,99,CN,1621361676,92,29.7333,115.9833,64.98,0.04,2021-05-18 18:14:36
508,5557293,Sitka,20,US,1621361406,71,57.0531,-135.33,48.09,10.36,2021-05-18 18:10:06
509,5167350,Powell,20,US,1621361425,46,40.1578,-83.0752,78.8,3.0,2021-05-18 18:10:25
510,3115824,Muros,74,ES,1621361677,75,42.7762,-9.0603,64.09,13.29,2021-05-18 18:14:37
511,5975034,High Prairie,100,CA,1621361678,84,55.4334,-116.4858,43.9,13.67,2021-05-18 18:14:38
512,5059430,Grand Forks,20,US,1621361678,44,47.9417,-97.4337,78.53,19.26,2021-05-18 18:14:38
513,6690296,Saint-Joseph,27,RE,1621361678,78,-21.3667,55.6167,70.21,7.54,2021-05-18 18:14:38
514,3837213,San Juan,91,AR,1621361440,42,-31.5375,-68.5364,82.72,7.14,2021-05-18 18:10:40
515,1337610,Thinadhoo,32,MV,1621361679,69,0.5333,72.9333,84.85,6.98,2021-05-18 18:14:39
516,100926,Umluj,0,SA,1621361679,54,25.0213,37.2685,84.96,6.73,2021-05-18 18:14:39
517,3576994,Cockburn Town,100,TC,1621361680,74,21.4612,-71.1419,80.33,11.52,2021-05-18 18:14:40
518,3372964,Lagoa,100,PT,1621361680,86,39.05,-27.9833,65.39,12.28,2021-05-18 18:14:40
519,1785036,Zhangye,68,CN,1621361681,54,38.9342,100.4517,52.25,4.36,2021-05-18 18:14:41
520,2974733,Sète,86,FR,1621361681,66,43.4018,3.6966,62.64,4.9,2021-05-18 18:14:41
521,3448903,São João da Barra,62,BR,1621361505,66,-21.6403,-41.0511,82.49,14.92,2021-05-18 18:11:45
522,3468720,Buritizeiro,99,BR,1621361659,28,-17.3511,-44.9622,85.35,3.38,2021-05-18 18:14:19
523,2961459,Skibbereen,43,IE,1621361682,79,51.55,-9.2667,49.8,15.52,2021-05-18 18:14:42
524,2635412,Truro,75,GB,1621361683,89,50.2653,-5.0544,53.56,10.07,2021-05-18 18:14:43
525,1516589,Zhezkazgan,28,KZ,1621361683,42,47.8043,67.7144,71.04,20.22,2021-05-18 18:14:43
526,3855065,General Roca,100,AR,1621361683,56,-39.0333,-67.5833,59.4,10.87,2021-05-18 18:14:43
527,2206894,Hokitika,100,NZ,1621361684,86,-42.7167,170.9667,52.36,13.24,2021-05-18 18:14:44
528,1797264,Quzhou,100,CN,1621361684,98,28.9594,118.8686,64.74,2.19,2021-05-18 18:14:44
529,1268008,Kanniyākumāri,8,IN,1621361685,82,8.0833,77.5667,83.05,14.9,2021-05-18 18:14:45
530,1735450,Lumut,20,MY,1621361685,89,4.2323,100.6298,80.62,0.0,2021-05-18 18:14:45
531,3608828,Iralaya,46,HN,1621361685,64,15.0,-83.2333,91.49,10.04,2021-05-18 18:14:45
532,513898,Otradnoye,97,RU,1621361686,99,59.7775,30.8181,62.65,6.29,2021-05-18 18:14:46
533,1502066,Krasnoshchekovo,75,RU,1621361686,81,51.6708,82.7289,58.64,7.34,2021-05-18 18:14:46
534,5225507,Warwick,40,US,1621361686,23,41.7001,-71.4162,82.44,9.22,2021-05-18 18:14:46
535,1650600,Balaipungut,100,ID,1621361687,95,1.05,101.2833,74.57,3.6,2021-05-18 18:14:47
536,3438102,Fuerte Olimpo,23,PY,1621361687,26,-21.0415,-57.8738,94.69,2.39,2021-05-18 18:14:47
537,3470137,Belmonte,100,BR,1621361688,64,-15.8631,-38.8828,79.3,6.55,2021-05-18 18:14:48
538,4033356,Tiarei,80,PF,1621361688,74,-17.5333,-149.3333,82.42,24.02,2021-05-18 18:14:48
539,1624041,Ternate,100,ID,1621361688,83,0.8,127.4,79.75,5.3,2021-05-18 18:14:48
540,3582228,Stann Creek Town,83,BZ,1621361689,72,16.9692,-88.2321,87.76,10.16,2021-05-18 18:14:49
541,521776,Nikol'sk,3,RU,1621361689,56,53.7189,46.0712,66.88,9.13,2021-05-18 18:14:49
542,3462103,Grão Mogol,100,BR,1621361689,28,-16.5594,-42.8897,82.15,0.56,2021-05-18 18:14:49
543,2632287,Dalvik,79,IS,1621361690,66,65.9702,-18.5286,35.53,7.99,2021-05-18 18:14:50
544,1280849,Kashgar,20,CN,1621361690,34,39.4547,75.9797,69.01,10.18,2021-05-18 18:14:50
545,676713,Grinţieş,99,RO,1621361691,97,47.05,25.8667,50.2,6.71,2021-05-18 18:14:51
546,3374333,Praia,0,CV,1621361691,42,14.9215,-23.5087,82.94,19.57,2021-05-18 18:14:51
547,1185239,Sarankhola,86,BD,1621361691,79,22.3082,89.7897,85.23,9.04,2021-05-18 18:14:51
548,3945466,Carhuamayo,99,PE,1621361692,72,-10.9167,-76.0333,42.46,1.23,2021-05-18 18:14:52
549,1501377,Kungurtug,100,RU,1621361692,79,50.5994,97.5228,48.42,8.68,2021-05-18 18:14:52
550,5809333,Salmon Creek,90,US,1621361693,56,45.7107,-122.649,59.54,1.99,2021-05-18 18:14:53
551,3686907,Cerrito,100,CO,1621361558,84,6.8432,-72.694,63.79,0.96,2021-05-18 18:12:38
552,6094407,Oromocto,93,CA,1621361447,49,45.8351,-66.4792,67.91,10.0,2021-05-18 18:10:47
553,2129376,Kushiro,98,JP,1621361693,90,42.975,144.3747,43.48,4.14,2021-05-18 18:14:53
554,2033196,Zhangjiakou,33,CN,1621361694,34,40.81,114.8794,63.64,1.39,2021-05-18 18:14:54
555,3822702,Kantunilkín,68,MX,1621361694,36,21.0917,-87.45,89.44,8.72,2021-05-18 18:14:54
556,486186,Suoyarvi,91,RU,1621361695,95,62.0833,32.35,60.76,2.59,2021-05-18 18:14:55
557,2260401,Djambala,58,CG,1621361695,88,-2.5447,14.7533,70.99,2.1,2021-05-18 18:14:55
558,2418362,Labé,71,GN,1621361696,53,11.3182,-12.2833,78.93,5.46,2021-05-18 18:14:56
559,1529376,Korla,0,CN,1621361696,31,41.7597,86.1469,68.14,3.15,2021-05-18 18:14:56
560,777019,Vardø,75,NO,1621361696,87,70.3705,31.1107,48.18,2.3,2021-05-18 18:14:56
561,3137469,Sørland,93,NO,1621361697,92,67.667,12.6934,44.67,22.01,2021-05-18 18:14:57
562,3985710,Cabo San Lucas,1,MX,1621361665,47,22.8909,-109.9124,93.51,2.3,2021-05-18 18:14:25
563,3183284,Alghero,0,IT,1621361697,45,40.5589,8.3181,66.29,4.61,2021-05-18 18:14:57
564,1244926,Hambantota,99,LK,1621361698,84,6.1241,81.1185,81.34,12.39,2021-05-18 18:14:58
565,2270437,Caldas da Rainha,93,PT,1621361698,79,39.4033,-9.1384,69.58,15.01,2021-05-18 18:14:58
566,2362344,Bobo-Dioulasso,93,BF,1621361454,17,11.1771,-4.2979,101.17,9.31,2021-05-18 18:10:54
567,976361,Middelburg,27,ZA,1621361699,53,-25.7751,29.4648,57.22,4.23,2021-05-18 18:14:59
568,1797929,Qingdao,0,CN,1621361699,74,36.0986,120.3719,60.4,5.46,2021-05-18 18:14:59
569,4013679,Coahuayana Viejo,9,MX,1621361699,48,18.7333,-103.6833,87.28,7.52,2021-05-18 18:14:59
570,3440777,Rocha,22,UY,1621361700,59,-34.4833,-54.3333,60.1,9.26,2021-05-18 18:15:00
571,5914132,Campbell River,75,CA,1621361465,72,50.0163,-125.2446,54.27,6.91,2021-05-18 18:11:05
572,1640972,Katobu,100,ID,1621361700,93,-4.9408,122.5276,75.2,4.76,2021-05-18 18:15:00
573,3408274,Afogados da Ingazeira,1,BR,1621361502,31,-7.7508,-37.6392,90.41,3.04,2021-05-18 18:11:42
574,2654970,Brae,99,GB,1621361701,81,60.3964,-1.353,48.11,15.84,2021-05-18 18:15:01
575,515879,Oktyabr'skiy,39,RU,1621361701,74,54.4815,53.471,63.86,5.7,2021-05-18 18:15:01
576,525426,Sobolevo,100,RU,1621361702,96,54.4299,31.8996,58.64,1.12,2021-05-18 18:15:02
577,1736660,Kota Belud,100,MY,1621361702,90,6.351,116.4305,76.86,3.53,2021-05-18 18:15:02
578,2522430,Adra,99,ES,1621361703,79,36.7496,-3.0206,88.83,5.61,2021-05-18 18:15:03
579,2408399,Jojoima,100,SL,1621361703,83,7.8792,-10.7878,80.89,6.13,2021-05-18 18:15:03
580,3433715,Goya,16,AR,1621361409,33,-29.14,-59.2626,73.45,6.67,2021-05-18 18:10:09
581,546060,Koltubanovskiy,38,RU,1621361704,33,52.9407,52.0269,70.83,4.56,2021-05-18 18:15:04
582,1803331,Linxia Chengguanzhen,100,CN,1621361704,81,35.6003,103.2064,52.02,1.54,2021-05-18 18:15:04
583,3356832,Henties Bay,0,NA,1621361704,71,-22.116,14.2845,63.86,2.08,2021-05-18 18:15:04
584,1181022,Chhor,100,PK,1621361705,61,25.5167,69.7667,80.53,16.87,2021-05-18 18:15:05
585,1526384,Boralday,40,KZ,1621361705,39,43.3578,76.8594,60.66,6.35,2021-05-18 18:15:05
586,5711149,Altamont,1,US,1621361706,36,42.2068,-121.7372,58.39,7.0,2021-05-18 18:15:06
587,1213855,Sibolga,100,ID,1621361706,75,1.7427,98.7792,76.53,3.47,2021-05-18 18:15:06
588,1861084,Izumo,92,JP,1621361706,96,35.3667,132.7667,60.75,6.33,2021-05-18 18:15:06
589,2320831,Ugep,83,NG,1621361707,85,5.8086,8.0812,76.51,5.23,2021-05-18 18:15:07
590,2021799,Konstantinovka,90,RU,1621361707,88,49.6167,127.9833,50.72,2.37,2021-05-18 18:15:07
